<?xml version="1.0" encoding="UTF-8"?>
<project-private xmlns="http://www.netbeans.org/ns/project-private/1">
    <editor-bookmarks xmlns="http://www.netbeans.org/ns/editor-bookmarks/2" lastBookmarkId="0"/>
    <open-files xmlns="http://www.netbeans.org/ns/projectui-open-files/2">
        <group>
            <file>file:/C:/Users/yelia/OneDrive%20-%20Asia%20Pacific%20University/Documents/NetBeansProjects/EPDA_Assignment/EPDA_Assignment/EPDA_Assignment-ejb/src/java/model/Customer.java</file>
            <file>file:/C:/Users/yelia/OneDrive%20-%20Asia%20Pacific%20University/Documents/NetBeansProjects/EPDA_Assignment/EPDA_Assignment/EPDA_Assignment-ejb/src/java/model/Product.java</file>
            <file>file:/C:/Users/yelia/OneDrive%20-%20Asia%20Pacific%20University/Documents/NetBeansProjects/EPDA_Assignment/EPDA_Assignment/EPDA_Assignment-ejb/src/java/model/SaleRecordsFacade.java</file>
            <file>file:/C:/Users/yelia/OneDrive%20-%20Asia%20Pacific%20University/Documents/NetBeansProjects/EPDA_Assignment/EPDA_Assignment/EPDA_Assignment-ejb/src/conf/META-INF/glassfish-resources.xml</file>
            <file>file:/C:/Users/yelia/OneDrive%20-%20Asia%20Pacific%20University/Documents/NetBeansProjects/EPDA_Assignment/EPDA_Assignment/EPDA_Assignment-ejb/src/java/model/SaleRecords.java</file>
            <file>file:/C:/Users/yelia/OneDrive%20-%20Asia%20Pacific%20University/Documents/NetBeansProjects/EPDA_Assignment/EPDA_Assignment/EPDA_Assignment-ejb/src/conf/persistence.xml</file>
            <file>file:/C:/Users/yelia/OneDrive%20-%20Asia%20Pacific%20University/Documents/NetBeansProjects/EPDA_Assignment/EPDA_Assignment/EPDA_Assignment-ejb/src/java/model/ProductFacade.java</file>
            <file>file:/C:/Users/yelia/OneDrive%20-%20Asia%20Pacific%20University/Documents/NetBeansProjects/EPDA_Assignment/EPDA_Assignment/EPDA_Assignment-ejb/src/java/model/CustomerFacade.java</file>
            <file>file:/C:/Users/yelia/OneDrive%20-%20Asia%20Pacific%20University/Documents/NetBeansProjects/EPDA_Assignment/EPDA_Assignment/EPDA_Assignment-ejb/src/java/model/Manager.java</file>
            <file>file:/C:/Users/yelia/OneDrive%20-%20Asia%20Pacific%20University/Documents/NetBeansProjects/EPDA_Assignment/EPDA_Assignment/EPDA_Assignment-ejb/src/java/model/ManagerFacade.java</file>
            <file>file:/C:/Users/yelia/OneDrive%20-%20Asia%20Pacific%20University/Documents/NetBeansProjects/EPDA_Assignment/EPDA_Assignment/EPDA_Assignment-ejb/src/java/model/Salesman.java</file>
            <file>file:/C:/Users/yelia/OneDrive%20-%20Asia%20Pacific%20University/Documents/NetBeansProjects/EPDA_Assignment/EPDA_Assignment/EPDA_Assignment-ejb/src/java/model/AbstractFacade.java</file>
            <file>file:/C:/Users/yelia/OneDrive%20-%20Asia%20Pacific%20University/Documents/NetBeansProjects/EPDA_Assignment/EPDA_Assignment/EPDA_Assignment-ejb/src/java/model/ProductClassFacade.java</file>
            <file>file:/C:/Users/yelia/OneDrive%20-%20Asia%20Pacific%20University/Documents/NetBeansProjects/EPDA_Assignment/EPDA_Assignment/EPDA_Assignment-ejb/src/java/model/ProductClass.java</file>
            <file>file:/C:/Users/yelia/OneDrive%20-%20Asia%20Pacific%20University/Documents/NetBeansProjects/EPDA_Assignment/EPDA_Assignment/EPDA_Assignment-ejb/src/java/model/SalesmanFacade.java</file>
        </group>
    </open-files>
</project-private>
